{
  "best_model": "logarithmic",
  "coefficients": [
    -11.201955151550042,
    2.1557971287097035,
    12.729298429628889,
    -3.1724637812391574
  ],
  "feature_order": [
    "intercept",
    "n",
    "log_z",
    "n_minus_k"
  ],
  "metrics": {
    "r_squared": 0.8555977124004296,
    "aic": 160.39322306202325,
    "bic": 170.1638280879845,
    "rss": 510.56231884058
  },
  "all_models": {
    "linear": {
      "coefficients": [
        -5.306521739131661,
        122.61042172900999,
        3.1724637681160877,
        -123.62708839567682,
        2.696376811594285
      ],
      "metrics": {
        "r_squared": 0.8555977124004286,
        "aic": 162.39322306202376,
        "bic": 174.60647934447536,
        "rss": 510.5623188405832
      },
      "feature_order": [
        "intercept",
        "n",
        "k",
        "w",
        "z"
      ]
    },
    "logarithmic": {
      "coefficients": [
        -11.201955151550042,
        2.1557971287097035,
        12.729298429628889,
        -3.1724637812391574
      ],
      "metrics": {
        "r_squared": 0.8555977124004296,
        "aic": 160.39322306202325,
        "bic": 170.1638280879845,
        "rss": 510.56231884058
      },
      "feature_order": [
        "intercept",
        "n",
        "log_z",
        "n_minus_k"
      ]
    },
    "mixed": {
      "coefficients": [
        -520.4267822051145,
        2.1557971049216587,
        -3.1724638939344256,
        509.2248266239569,
        12.729299115455548
      ],
      "metrics": {
        "r_squared": 0.8555977124004265,
        "aic": 162.39322306202507,
        "bic": 174.60647934447667,
        "rss": 510.562318840591
      },
      "feature_order": [
        "intercept",
        "n",
        "n_minus_k",
        "w_over_n",
        "log_z"
      ]
    }
  },
  "n_instances_used": 85,
  "parameter_ranges": {
    "n": [
      4,
      8
    ],
    "k": [
      1,
      6
    ],
    "z": [
      3,
      7
    ]
  },
  "fitted_at": "2026-05-21T16:32:55"
}